<?xml version="1.0" encoding="UTF-8" ?>
<XMLDB PATH="local/pptgenerator/db" VERSION="20240726" COMMENT="XMLDB file for Moodle local/pptgenerator"
    xmlns:xsi="http://www.w3.org/2001/XMLSchema-instance"
    xsi:noNamespaceSchemaLocation="../../../lib/xmldb/xmldb.xsd"
>
  <TABLES>
    <TABLE NAME="local_pptgenerator" id="local_pptgenerator" COMMENT="PPT Generator table">
      <FIELDS>
        <!-- Fields for PPT Generator table -->
        <FIELD NAME="id" TYPE="int" LENGTH="10" NOTNULL="true" SEQUENCE="true"/>
        <FIELD NAME="title" TYPE="char" LENGTH="255" NOTNULL="false"  COMMENT="Title of ppt generator"/>
        <FIELD NAME="content" TYPE="text" NOTNULL="false" COMMENT="Content of ppt generator"/>
        <FIELD NAME="outline" TYPE="text" NOTNULL="false" COMMENT="Outline of ppt generator"/>
        <FIELD NAME="timecreated" TYPE="int" LENGTH="10" NOTNULL="true" DEFAULT="0" SEQUENCE="false"/>
        <FIELD NAME="timemodified" TYPE="int" LENGTH="10" NOTNULL="true" DEFAULT="0" SEQUENCE="false"/>
      </FIELDS>
      <KEYS>
        <KEY NAME="primary" TYPE="primary" FIELDS="id"/>
      </KEYS>
    </TABLE>
  </TABLES>
</XMLDB>
